created_at,entry_id,field1,field2
2018-12-27 10:35:59 UTC,1,24.7,64.8
2018-12-27 10:36:18 UTC,2,23.7,66.0
2018-12-27 10:36:37 UTC,3,23.6,66.6
2018-12-27 10:36:56 UTC,4,23.6,67.1
2018-12-27 10:37:15 UTC,5,23.6,67.0
2018-12-27 10:37:34 UTC,6,23.6,67.9
2018-12-27 10:37:53 UTC,7,23.6,67.7
2018-12-27 10:38:12 UTC,8,23.6,68.4
2018-12-27 10:38:30 UTC,9,23.6,68.5
2018-12-27 10:38:49 UTC,10,23.7,69.4
2018-12-27 10:39:08 UTC,11,23.6,66.9
2018-12-27 10:39:27 UTC,12,23.6,68.5
2018-12-27 10:39:46 UTC,13,23.6,69.4
2018-12-27 10:40:05 UTC,14,23.6,66.9
2018-12-27 10:40:25 UTC,15,23.7,69.0
2018-12-27 10:40:45 UTC,16,23.7,72.7
2018-12-27 10:41:03 UTC,17,23.7,74.6
2018-12-27 10:41:25 UTC,18,23.7,75.7
2018-12-27 10:41:44 UTC,19,23.7,76.1
2018-12-27 10:42:03 UTC,20,23.7,76.3
2018-12-27 10:42:22 UTC,21,23.7,76.7
2018-12-27 10:42:41 UTC,22,23.8,77.2
2018-12-27 10:43:00 UTC,23,23.8,77.5
2018-12-27 10:43:29 UTC,24,23.8,77.3
2018-12-27 10:43:48 UTC,25,23.8,77.8
2018-12-27 10:44:08 UTC,26,23.8,77.8
2018-12-27 10:44:27 UTC,27,23.8,78.1
2018-12-27 10:44:46 UTC,28,23.8,78.2
2018-12-27 10:45:05 UTC,29,23.8,78.4
2018-12-27 10:45:25 UTC,30,23.8,78.6
2018-12-27 10:45:43 UTC,31,23.8,78.8
2018-12-27 10:46:02 UTC,32,23.8,78.9
2018-12-27 10:46:21 UTC,33,23.8,79.0
2018-12-27 10:46:40 UTC,34,23.8,79.3
2018-12-27 10:46:59 UTC,35,23.8,79.4
2018-12-27 10:47:18 UTC,36,23.8,79.5
2018-12-27 10:47:38 UTC,37,23.8,79.7
2018-12-27 10:47:57 UTC,38,23.8,79.9
2018-12-27 10:48:16 UTC,39,23.8,80.0
2018-12-27 10:48:35 UTC,40,23.8,80.0
2018-12-27 10:49:26 UTC,41,23.8,80.2
2018-12-27 10:49:45 UTC,42,23.8,80.2
2018-12-27 10:50:04 UTC,43,23.8,80.3
2018-12-27 10:50:23 UTC,44,23.8,80.4
2018-12-27 10:50:42 UTC,45,23.8,80.5
2018-12-27 10:51:03 UTC,46,23.8,80.5
2018-12-27 10:51:22 UTC,47,23.8,80.6
2018-12-27 10:51:41 UTC,48,23.8,80.6
2018-12-27 10:52:01 UTC,49,23.8,80.8
2018-12-27 10:52:20 UTC,50,23.8,80.8
2018-12-27 10:52:40 UTC,51,23.8,80.8
2018-12-27 10:53:01 UTC,52,23.8,80.8
2018-12-27 10:53:38 UTC,53,23.8,80.7
2018-12-27 10:54:00 UTC,54,23.8,80.9
2018-12-27 10:54:20 UTC,55,23.9,81.0
2018-12-27 10:54:41 UTC,56,23.9,80.9
2018-12-27 10:55:02 UTC,57,23.9,80.9
2018-12-27 10:55:21 UTC,58,23.9,81.0
2018-12-27 10:55:40 UTC,59,23.9,81.0
2018-12-27 10:56:00 UTC,60,23.9,80.9
2018-12-27 10:56:19 UTC,61,23.9,80.8
2018-12-27 10:56:40 UTC,62,23.9,80.9
2018-12-27 10:57:00 UTC,63,23.9,80.8
2018-12-27 10:57:19 UTC,64,23.9,81.0
2018-12-27 10:57:38 UTC,65,23.9,80.9
2018-12-27 10:58:00 UTC,66,23.9,80.9
2018-12-27 10:58:21 UTC,67,23.9,80.8
2018-12-27 10:58:41 UTC,68,23.9,80.9
2018-12-27 10:59:00 UTC,69,23.9,80.9
2018-12-27 10:59:20 UTC,70,23.9,80.9
2018-12-27 10:59:40 UTC,71,23.9,80.8
2018-12-27 10:59:59 UTC,72,23.9,80.8
2018-12-27 11:00:19 UTC,73,24.0,80.9
2018-12-27 11:00:38 UTC,74,24.0,81.0
2018-12-27 11:00:57 UTC,75,24.0,81.1
2018-12-27 11:01:18 UTC,76,24.0,81.2
2018-12-27 11:01:40 UTC,77,24.0,81.2
2018-12-27 11:01:59 UTC,78,24.0,81.2
2018-12-27 11:02:18 UTC,79,23.9,81.2
2018-12-27 11:02:40 UTC,80,24.0,81.3
2018-12-27 11:02:59 UTC,81,24.0,81.3
2018-12-27 11:03:19 UTC,82,24.0,81.3
2018-12-27 11:03:38 UTC,83,23.9,81.3
2018-12-27 11:04:01 UTC,84,24.0,81.3
2018-12-27 11:04:21 UTC,85,24.0,81.3
2018-12-27 11:04:40 UTC,86,24.0,81.3
2018-12-27 11:04:59 UTC,87,24.0,81.3
2018-12-27 11:05:23 UTC,88,24.0,81.3
2018-12-27 11:05:45 UTC,89,24.0,81.3
2018-12-27 11:06:07 UTC,90,24.0,81.3
2018-12-27 11:06:25 UTC,91,24.0,81.2
2018-12-27 11:06:44 UTC,92,24.0,81.2
2018-12-27 11:07:04 UTC,93,24.0,81.2
2018-12-27 11:07:24 UTC,94,24.0,81.2
2018-12-27 11:07:42 UTC,95,24.0,81.3
2018-12-27 11:08:00 UTC,96,24.0,81.3
2018-12-27 11:08:20 UTC,97,24.0,81.3
2018-12-27 11:08:39 UTC,98,24.0,81.2
2018-12-27 11:08:59 UTC,99,24.1,81.4
2018-12-27 11:09:16 UTC,100,24.0,81.3
2018-12-27 11:09:35 UTC,101,24.0,81.2
2018-12-27 11:09:54 UTC,102,24.1,81.3
2018-12-27 11:10:13 UTC,103,24.0,81.2
2018-12-27 11:10:33 UTC,104,24.0,81.2
2018-12-27 11:10:52 UTC,105,24.0,81.2
2018-12-27 11:11:11 UTC,106,24.1,81.3
2018-12-27 11:11:30 UTC,107,24.0,81.2
2018-12-27 11:11:49 UTC,108,24.0,81.2
2018-12-27 11:12:08 UTC,109,24.0,81.2
2018-12-27 11:12:29 UTC,110,24.0,81.3
2018-12-27 11:12:46 UTC,111,24.1,81.4
2018-12-27 11:13:05 UTC,112,24.0,81.3
2018-12-27 11:13:24 UTC,113,24.0,81.2
2018-12-27 11:13:43 UTC,114,24.0,81.2
2018-12-27 11:14:02 UTC,115,24.0,81.3
2018-12-27 11:14:21 UTC,116,24.0,81.3
2018-12-27 11:15:00 UTC,117,24.0,81.4
2018-12-27 11:15:19 UTC,118,24.0,81.4
2018-12-27 11:15:38 UTC,119,24.0,81.4
2018-12-27 11:15:57 UTC,120,24.0,81.5
2018-12-27 11:16:16 UTC,121,24.0,81.5
2018-12-27 11:16:35 UTC,122,24.0,81.5
2018-12-27 11:16:54 UTC,123,24.0,81.5
2018-12-27 11:17:14 UTC,124,24.0,81.5
2018-12-27 11:17:33 UTC,125,24.0,81.6
2018-12-27 11:17:54 UTC,126,24.0,81.6
2018-12-27 11:18:11 UTC,127,24.0,81.6
2018-12-27 11:18:29 UTC,128,24.0,81.7
2018-12-27 11:18:48 UTC,129,24.0,81.7
2018-12-27 11:19:07 UTC,130,24.0,81.8
2018-12-27 11:19:26 UTC,131,24.0,81.8
2018-12-27 11:19:45 UTC,132,24.0,81.8
2018-12-27 11:20:05 UTC,133,24.0,81.8
2018-12-27 11:20:23 UTC,134,23.9,81.8
2018-12-27 11:20:42 UTC,135,24.0,81.9
2018-12-27 11:21:01 UTC,136,24.0,81.9
2018-12-27 11:21:20 UTC,137,23.9,81.9
2018-12-27 11:21:40 UTC,138,23.9,82.0
2018-12-27 11:21:59 UTC,139,23.9,82.0
2018-12-27 11:22:18 UTC,140,23.9,81.9
2018-12-27 11:22:37 UTC,141,23.9,82.0
2018-12-27 11:22:56 UTC,142,23.9,82.0
2018-12-27 11:23:16 UTC,143,23.9,82.1
2018-12-27 11:23:35 UTC,144,24.0,82.2
2018-12-27 11:23:54 UTC,145,23.9,82.1
2018-12-27 11:24:13 UTC,146,23.9,82.2
2018-12-27 11:24:32 UTC,147,23.9,82.2
2018-12-27 11:24:52 UTC,148,23.9,82.2
2018-12-27 11:25:11 UTC,149,23.9,82.2
2018-12-27 11:25:31 UTC,150,23.9,82.2
2018-12-27 11:25:51 UTC,151,23.9,82.2
2018-12-27 11:26:11 UTC,152,24.0,82.3
2018-12-27 11:26:30 UTC,153,23.9,82.3
2018-12-27 11:26:48 UTC,154,23.9,82.3
2018-12-27 11:27:08 UTC,155,23.9,82.3
2018-12-27 11:27:27 UTC,156,23.9,82.3
2018-12-27 11:27:46 UTC,157,23.9,82.4
2018-12-27 11:28:08 UTC,158,23.9,82.5
2018-12-27 11:28:27 UTC,159,23.9,82.6
2018-12-27 11:28:47 UTC,160,23.9,82.6
2018-12-27 11:29:06 UTC,161,23.9,82.6
2018-12-27 11:29:25 UTC,162,23.9,82.6
2018-12-27 11:29:44 UTC,163,23.9,82.6
2018-12-27 11:30:04 UTC,164,23.9,82.7
2018-12-27 11:30:23 UTC,165,23.9,82.7
2018-12-27 11:30:42 UTC,166,23.9,82.7
2018-12-27 11:31:01 UTC,167,23.9,82.8
2018-12-27 11:31:20 UTC,168,23.9,82.8
2018-12-27 11:31:39 UTC,169,23.9,82.8
2018-12-27 11:31:58 UTC,170,23.9,82.8
2018-12-27 11:32:18 UTC,171,23.9,82.7
2018-12-27 11:32:37 UTC,172,23.9,82.7
2018-12-27 11:32:57 UTC,173,23.9,82.7
2018-12-27 11:33:16 UTC,174,23.9,82.8
2018-12-27 11:33:35 UTC,175,23.9,82.8
2018-12-27 11:33:54 UTC,176,23.9,82.8
2018-12-27 11:34:32 UTC,177,23.9,82.8
2018-12-27 11:34:51 UTC,178,23.9,82.8
2018-12-27 11:35:10 UTC,179,23.9,82.8
2018-12-27 11:35:30 UTC,180,23.9,82.8
2018-12-27 11:35:49 UTC,181,23.9,82.8
2018-12-27 11:36:08 UTC,182,23.9,82.8
2018-12-27 11:36:27 UTC,183,23.9,82.9
2018-12-27 11:36:46 UTC,184,23.9,82.9
2018-12-27 11:37:06 UTC,185,23.9,82.9
2018-12-27 11:37:25 UTC,186,23.9,83.0
2018-12-27 11:37:44 UTC,187,23.9,83.1
2018-12-27 11:38:03 UTC,188,23.9,83.1
2018-12-27 11:38:22 UTC,189,23.9,83.0
2018-12-27 11:38:41 UTC,190,23.9,83.1
2018-12-27 11:39:00 UTC,191,23.9,83.0
2018-12-27 11:39:19 UTC,192,23.9,83.1
2018-12-27 11:39:38 UTC,193,23.9,83.1
2018-12-27 11:39:58 UTC,194,23.9,83.1
2018-12-27 11:40:17 UTC,195,23.9,83.1
2018-12-27 11:40:36 UTC,196,23.9,83.1
2018-12-27 11:40:54 UTC,197,23.9,83.1
2018-12-27 11:41:15 UTC,198,23.9,83.1
2018-12-27 11:41:33 UTC,199,23.9,83.1
2018-12-27 11:41:53 UTC,200,23.9,83.2
2018-12-27 11:42:11 UTC,201,23.9,83.2
2018-12-27 11:42:31 UTC,202,23.9,83.3
2018-12-27 11:42:50 UTC,203,23.9,83.3
2018-12-27 11:43:09 UTC,204,23.9,83.2
2018-12-27 11:43:28 UTC,205,23.9,83.2
2018-12-27 11:43:47 UTC,206,23.9,83.2
2018-12-27 11:44:06 UTC,207,23.9,83.2
2018-12-27 11:44:45 UTC,208,23.9,83.2
2018-12-27 11:45:04 UTC,209,23.9,83.1
2018-12-27 11:45:23 UTC,210,23.9,83.2
2018-12-27 11:45:42 UTC,211,23.9,83.2
2018-12-27 11:46:01 UTC,212,23.9,83.3
2018-12-27 11:46:20 UTC,213,23.9,83.4
2018-12-27 11:46:39 UTC,214,23.9,83.3
2018-12-27 11:46:58 UTC,215,23.9,83.3
2018-12-27 11:47:17 UTC,216,23.9,83.2
2018-12-27 11:47:36 UTC,217,23.9,83.2
2018-12-27 11:47:56 UTC,218,23.9,83.3
2018-12-27 11:48:15 UTC,219,23.9,83.2
2018-12-27 11:48:34 UTC,220,23.9,83.2
2018-12-27 11:48:54 UTC,221,23.9,83.3
2018-12-27 11:49:13 UTC,222,23.9,83.2
2018-12-27 11:49:32 UTC,223,23.9,83.3
2018-12-27 11:49:51 UTC,224,23.9,83.3
2018-12-27 11:50:11 UTC,225,23.9,83.4
2018-12-27 11:50:30 UTC,226,23.9,83.4
2018-12-27 11:50:49 UTC,227,23.9,83.4
2018-12-27 11:51:09 UTC,228,23.9,83.4
2018-12-27 11:51:28 UTC,229,23.9,83.4
2018-12-27 11:51:47 UTC,230,23.9,83.4
2018-12-27 11:52:06 UTC,231,23.9,83.4
2018-12-27 11:52:25 UTC,232,23.9,83.4
2018-12-27 11:52:44 UTC,233,23.9,83.4
2018-12-27 11:53:03 UTC,234,23.9,83.4
2018-12-27 11:53:22 UTC,235,23.9,83.4
2018-12-27 11:53:41 UTC,236,23.9,83.4
2018-12-27 11:54:00 UTC,237,23.9,83.4
2018-12-27 11:54:19 UTC,238,23.9,83.4
2018-12-27 11:54:38 UTC,239,23.9,83.4
2018-12-27 11:54:58 UTC,240,23.9,83.4
2018-12-27 11:55:17 UTC,241,23.9,83.4
2018-12-27 11:55:36 UTC,242,23.9,83.4
2018-12-27 11:55:55 UTC,243,23.9,83.5
2018-12-27 11:56:13 UTC,244,23.9,83.4
2018-12-27 11:56:32 UTC,245,23.9,83.5
2018-12-27 11:56:52 UTC,246,23.9,83.5
2018-12-27 11:57:10 UTC,247,23.9,83.5
2018-12-27 11:57:29 UTC,248,23.9,83.5
2018-12-27 11:57:48 UTC,249,23.9,83.5
2018-12-27 11:58:07 UTC,250,23.9,83.6
2018-12-27 11:58:27 UTC,251,23.9,83.6
2018-12-27 11:58:45 UTC,252,23.9,83.6
2018-12-27 11:59:04 UTC,253,23.9,83.6
2018-12-27 11:59:24 UTC,254,23.9,83.6
2018-12-27 11:59:43 UTC,255,23.9,83.6
2018-12-27 12:00:02 UTC,256,23.9,83.5
2018-12-27 12:00:21 UTC,257,23.9,83.6
2018-12-27 12:00:41 UTC,258,23.9,83.6
2018-12-27 12:01:00 UTC,259,23.9,83.6
2018-12-27 12:01:20 UTC,260,23.9,83.5
2018-12-27 12:01:39 UTC,261,23.9,83.5
2018-12-27 12:01:58 UTC,262,23.9,83.5
2018-12-27 12:02:17 UTC,263,23.9,83.5
2018-12-27 12:02:37 UTC,264,23.9,83.5
2018-12-27 12:02:55 UTC,265,23.9,83.5
2018-12-27 12:03:14 UTC,266,23.9,83.5
2018-12-27 12:03:34 UTC,267,23.9,83.5
2018-12-27 12:03:53 UTC,268,23.9,83.5
2018-12-27 12:04:12 UTC,269,23.9,83.6
2018-12-27 12:04:31 UTC,270,23.9,83.6
2018-12-27 12:04:50 UTC,271,23.9,83.6
2018-12-27 12:05:09 UTC,272,23.9,83.6
2018-12-27 12:05:29 UTC,273,23.9,83.6
2018-12-27 12:05:50 UTC,274,23.9,83.6
2018-12-27 12:06:10 UTC,275,23.9,83.6
2018-12-27 12:06:31 UTC,276,23.9,83.6
2018-12-27 13:29:34 UTC,277,23.9,83.5
2018-12-27 13:29:53 UTC,278,24.0,84.3
2018-12-27 13:30:12 UTC,279,24.0,83.9
2018-12-27 13:30:32 UTC,280,24.0,83.8
2018-12-27 13:30:51 UTC,281,24.0,83.6
2018-12-27 13:31:10 UTC,282,24.0,83.7
2018-12-27 13:31:30 UTC,283,23.9,73.9
2018-12-27 13:32:17 UTC,284,23.9,65.1
2018-12-27 13:38:18 UTC,285,23.8,61.4
2018-12-27 13:38:37 UTC,286,23.0,61.1
2018-12-27 13:38:56 UTC,287,23.0,60.7
2018-12-27 13:39:16 UTC,288,22.9,60.8
2018-12-27 13:39:35 UTC,289,22.9,60.7
2018-12-27 13:39:54 UTC,290,22.9,60.5
2018-12-27 13:40:13 UTC,291,22.8,60.1
2018-12-27 13:40:32 UTC,292,22.8,60.2
2018-12-27 13:40:52 UTC,293,22.8,60.8
2018-12-27 13:41:11 UTC,294,22.7,61.2
2018-12-27 13:41:30 UTC,295,22.7,60.5
2018-12-27 13:41:49 UTC,296,22.7,60.6
2018-12-27 13:42:08 UTC,297,22.6,60.7
2018-12-27 13:42:27 UTC,298,22.6,60.8
2018-12-27 13:42:46 UTC,299,22.6,60.7
2018-12-27 13:43:05 UTC,300,22.6,62.2
2018-12-27 13:43:24 UTC,301,22.6,60.9
2018-12-27 13:43:43 UTC,302,22.5,60.3
2018-12-27 13:44:02 UTC,303,22.5,60.7
2018-12-27 13:44:21 UTC,304,22.5,61.8
2018-12-27 13:44:40 UTC,305,22.5,61.6
2018-12-27 13:44:59 UTC,306,22.5,62.6
2018-12-27 13:45:18 UTC,307,22.5,61.8
2018-12-27 13:45:37 UTC,308,22.5,61.4
2018-12-27 13:45:56 UTC,309,22.5,62.7
2018-12-27 13:46:15 UTC,310,22.4,61.2
2018-12-27 13:46:35 UTC,311,22.4,60.9
2018-12-27 13:46:53 UTC,312,22.4,60.5
2018-12-27 13:47:12 UTC,313,22.4,61.2
2018-12-27 13:47:31 UTC,314,22.4,61.9
2018-12-27 13:47:51 UTC,315,22.4,61.8
2018-12-27 13:48:09 UTC,316,22.4,61.6
2018-12-27 13:48:29 UTC,317,22.3,61.0
2018-12-27 13:48:48 UTC,318,22.3,61.4
2018-12-27 13:49:07 UTC,319,22.3,62.7
2018-12-27 13:49:27 UTC,320,22.3,61.9
2018-12-27 13:49:46 UTC,321,22.3,61.6
2018-12-27 13:50:05 UTC,322,22.3,61.9
2018-12-27 13:50:24 UTC,323,22.3,62.2
2018-12-27 13:50:43 UTC,324,22.3,62.3
2018-12-27 13:51:02 UTC,325,22.3,61.6
2018-12-27 13:51:21 UTC,326,22.2,61.2
2018-12-27 13:51:40 UTC,327,22.2,60.9
2018-12-27 13:51:59 UTC,328,22.2,60.5
2018-12-27 13:52:18 UTC,329,22.2,60.8
2018-12-27 13:52:37 UTC,330,22.2,60.7
2018-12-27 13:52:56 UTC,331,22.2,60.9
2018-12-27 13:53:15 UTC,332,22.2,61.2
2018-12-27 13:53:34 UTC,333,22.2,61.4
2018-12-27 13:53:53 UTC,334,22.2,61.1
2018-12-27 13:54:12 UTC,335,22.2,61.3
2018-12-27 13:54:31 UTC,336,22.1,60.7
2018-12-27 13:54:50 UTC,337,22.1,60.9
2018-12-27 13:55:09 UTC,338,22.1,61.1
2018-12-27 13:55:28 UTC,339,22.1,60.8
2018-12-27 13:55:49 UTC,340,22.1,61.2
2018-12-27 13:56:06 UTC,341,22.1,60.9
2018-12-27 13:56:26 UTC,342,22.0,60.7
2018-12-27 13:56:45 UTC,343,22.0,60.6
2018-12-27 13:57:04 UTC,344,22.0,60.7
2018-12-27 13:57:23 UTC,345,22.0,60.8
2018-12-27 13:57:42 UTC,346,22.0,61.3
2018-12-27 13:58:01 UTC,347,22.0,62.3
2018-12-27 13:58:21 UTC,348,22.0,61.8
2018-12-27 13:58:40 UTC,349,22.0,62.3
2018-12-27 13:58:59 UTC,350,21.9,61.3
2018-12-27 13:59:19 UTC,351,21.9,61.3
2018-12-27 13:59:37 UTC,352,21.9,60.8
2018-12-27 13:59:56 UTC,353,22.1,61.1
2018-12-27 14:00:16 UTC,354,21.9,61.1
2018-12-27 14:00:34 UTC,355,21.9,61.0
2018-12-27 14:00:53 UTC,356,21.9,61.0
2018-12-27 14:01:13 UTC,357,21.9,61.4
2018-12-27 14:01:32 UTC,358,21.9,61.0
2018-12-27 14:01:51 UTC,359,21.9,60.7
2018-12-27 14:02:11 UTC,360,21.9,61.0
2018-12-27 14:02:30 UTC,361,21.9,61.2
2018-12-27 14:02:49 UTC,362,21.8,60.9
2018-12-27 14:03:08 UTC,363,21.9,61.2
2018-12-27 14:03:27 UTC,364,21.9,60.8
2018-12-27 14:03:46 UTC,365,22.0,61.1
2018-12-27 14:04:04 UTC,366,21.9,61.2
2018-12-27 14:04:24 UTC,367,21.9,61.5
2018-12-27 14:04:43 UTC,368,21.9,61.5
2018-12-27 14:05:02 UTC,369,21.8,61.1
2018-12-27 14:05:21 UTC,370,21.8,61.2
2018-12-27 14:05:40 UTC,371,21.7,61.2
2018-12-27 14:05:59 UTC,372,21.8,60.9
2018-12-27 14:06:21 UTC,373,21.8,60.9
2018-12-27 14:06:38 UTC,374,21.8,61.0
2018-12-27 14:06:57 UTC,375,21.8,60.9
2018-12-27 14:07:17 UTC,376,21.9,60.8
2018-12-27 14:07:36 UTC,377,21.8,60.5
2018-12-27 14:07:54 UTC,378,21.7,61.1
2018-12-27 14:08:14 UTC,379,21.8,60.8
2018-12-27 14:08:32 UTC,380,21.8,60.9
2018-12-27 14:08:51 UTC,381,21.8,61.0
2018-12-27 14:09:10 UTC,382,21.8,61.2
2018-12-27 14:09:29 UTC,383,21.8,61.0
2018-12-27 14:09:48 UTC,384,21.8,61.0
2018-12-27 14:10:07 UTC,385,21.8,60.7
2018-12-27 14:10:26 UTC,386,21.8,61.0
2018-12-27 14:10:45 UTC,387,21.8,61.1
2018-12-27 14:11:04 UTC,388,21.8,61.6
2018-12-27 14:11:23 UTC,389,21.8,61.3
2018-12-27 14:11:42 UTC,390,21.8,60.9
2018-12-27 14:12:02 UTC,391,21.8,62.0
2018-12-27 14:12:21 UTC,392,21.8,61.9
2018-12-27 14:12:40 UTC,393,21.8,61.1
2018-12-27 14:12:59 UTC,394,21.8,61.3
2018-12-27 14:13:18 UTC,395,21.8,60.9
2018-12-27 14:13:37 UTC,396,21.8,61.1
2018-12-27 14:13:56 UTC,397,21.8,61.5
2018-12-27 14:14:16 UTC,398,21.8,61.5
2018-12-27 14:14:35 UTC,399,21.8,61.4
2018-12-27 14:14:54 UTC,400,21.8,60.8
2018-12-27 14:15:13 UTC,401,21.8,62.8
2018-12-27 14:15:32 UTC,402,21.8,61.7
2018-12-27 14:15:51 UTC,403,21.8,61.9
2018-12-27 14:16:10 UTC,404,21.8,61.5
2018-12-27 14:16:29 UTC,405,21.8,60.9
2018-12-27 14:16:48 UTC,406,21.8,60.9
2018-12-27 14:17:09 UTC,407,21.8,60.8
2018-12-27 14:17:27 UTC,408,21.8,61.0
2018-12-27 14:17:46 UTC,409,21.8,61.2
2018-12-27 14:18:05 UTC,410,21.8,61.0
2018-12-27 14:18:24 UTC,411,21.8,60.7
2018-12-27 14:18:44 UTC,412,21.8,60.7
2018-12-27 14:19:02 UTC,413,21.8,61.2
2018-12-27 14:19:21 UTC,414,21.8,61.1
2018-12-27 14:19:41 UTC,415,21.8,60.6
2018-12-27 14:20:01 UTC,416,21.8,60.4
2018-12-27 14:20:19 UTC,417,21.8,60.5
2018-12-27 14:20:38 UTC,418,21.8,60.3
2018-12-27 14:20:57 UTC,419,21.8,60.2
2018-12-27 14:21:16 UTC,420,21.8,60.2
2018-12-27 14:21:36 UTC,421,21.8,60.3
2018-12-27 14:21:55 UTC,422,21.8,60.4
2018-12-27 14:22:14 UTC,423,21.8,60.2
2018-12-27 14:22:33 UTC,424,21.8,60.2
2018-12-27 14:22:52 UTC,425,21.8,60.6
2018-12-27 14:23:12 UTC,426,21.8,60.7
2018-12-27 14:23:31 UTC,427,21.8,60.3
2018-12-27 14:23:50 UTC,428,21.8,60.2
2018-12-27 14:24:09 UTC,429,21.8,60.0
2018-12-27 14:24:28 UTC,430,21.8,60.2
2018-12-27 14:24:47 UTC,431,21.8,60.2
2018-12-27 14:25:07 UTC,432,21.8,60.2
2018-12-27 14:25:26 UTC,433,21.8,60.4
2018-12-27 14:25:45 UTC,434,21.8,60.4
2018-12-27 14:26:04 UTC,435,21.8,60.6
2018-12-27 14:26:23 UTC,436,21.8,60.7
2018-12-27 14:26:42 UTC,437,21.8,60.6
2018-12-27 14:27:01 UTC,438,21.8,60.7
2018-12-27 14:27:20 UTC,439,21.8,60.6
2018-12-27 14:27:39 UTC,440,21.8,60.4
2018-12-27 14:27:58 UTC,441,21.8,60.4
2018-12-27 14:28:17 UTC,442,21.8,60.5
2018-12-27 14:28:36 UTC,443,21.7,60.3
2018-12-27 14:28:55 UTC,444,21.8,60.8
2018-12-27 14:29:14 UTC,445,21.8,60.7
2018-12-27 14:29:33 UTC,446,21.8,60.6
2018-12-27 14:29:52 UTC,447,21.8,60.7
2018-12-27 14:30:12 UTC,448,21.7,60.6
2018-12-27 14:30:31 UTC,449,21.8,60.3
2018-12-27 14:30:50 UTC,450,21.8,60.2
2018-12-27 14:31:09 UTC,451,21.8,60.0
2018-12-27 14:31:28 UTC,452,21.8,60.2
2018-12-27 14:31:48 UTC,453,21.7,60.2
2018-12-27 14:32:07 UTC,454,21.8,60.5
2018-12-27 14:32:26 UTC,455,21.8,60.4
2018-12-27 14:32:45 UTC,456,21.8,60.4
2018-12-27 14:33:04 UTC,457,21.8,60.4
2018-12-27 14:33:23 UTC,458,21.8,60.4
2018-12-27 14:33:42 UTC,459,21.8,60.6
2018-12-27 14:34:02 UTC,460,21.8,60.7
2018-12-27 14:34:21 UTC,461,21.8,60.5
2018-12-27 14:34:40 UTC,462,21.7,60.0
2018-12-27 14:34:59 UTC,463,21.8,60.0
2018-12-27 14:35:18 UTC,464,21.8,60.3
2018-12-27 14:35:37 UTC,465,21.8,60.6
2018-12-27 14:35:57 UTC,466,21.8,60.2
2018-12-27 14:36:16 UTC,467,21.8,60.2
2018-12-27 14:36:35 UTC,468,21.7,60.4
2018-12-27 14:36:54 UTC,469,21.7,60.3
2018-12-27 14:37:13 UTC,470,21.7,60.6
2018-12-27 14:37:32 UTC,471,21.7,60.7
2018-12-27 14:37:50 UTC,472,21.7,60.3
2018-12-27 14:38:10 UTC,473,21.7,60.4
2018-12-27 14:38:30 UTC,474,21.7,60.4
2018-12-27 14:38:49 UTC,475,21.7,60.6
2018-12-27 14:39:08 UTC,476,21.7,60.7
2018-12-27 14:39:27 UTC,477,21.7,60.5
2018-12-27 14:39:47 UTC,478,21.7,60.7
2018-12-27 14:40:06 UTC,479,21.7,60.6
2018-12-27 14:40:25 UTC,480,21.8,60.5
2018-12-27 14:40:44 UTC,481,21.8,60.3
2018-12-27 14:41:02 UTC,482,21.7,60.3
2018-12-27 14:41:22 UTC,483,21.7,60.3
2018-12-27 14:41:41 UTC,484,21.7,60.5
2018-12-27 14:42:00 UTC,485,21.7,60.7
2018-12-27 14:42:19 UTC,486,21.7,60.4
2018-12-27 14:42:38 UTC,487,21.7,60.5
2018-12-27 14:42:57 UTC,488,21.7,60.5
2018-12-27 14:43:16 UTC,489,21.7,62.3
2018-12-27 14:43:36 UTC,490,21.7,61.5
2018-12-27 14:43:54 UTC,491,21.7,60.9
2018-12-27 14:44:15 UTC,492,21.7,60.3
2018-12-27 14:44:33 UTC,493,21.7,60.4
2018-12-27 14:52:51 UTC,494,22.1,60.1
2018-12-27 14:53:29 UTC,495,21.8,60.6
2018-12-27 14:53:47 UTC,496,21.8,60.3
2018-12-27 14:54:06 UTC,497,21.8,60.3
2018-12-27 14:54:25 UTC,498,21.6,61.0
2018-12-27 14:54:44 UTC,499,21.6,61.1
2018-12-27 14:55:03 UTC,500,21.5,61.1
2018-12-27 14:55:23 UTC,501,21.4,61.4
2018-12-27 14:55:41 UTC,502,21.3,61.6
2018-12-27 14:56:00 UTC,503,21.2,61.8
2018-12-27 14:56:20 UTC,504,21.1,62.0
2018-12-27 14:56:39 UTC,505,21.1,62.5
2018-12-27 14:56:58 UTC,506,21.0,62.6
2018-12-27 14:57:17 UTC,507,21.0,62.7
2018-12-27 14:57:36 UTC,508,20.9,63.4
2018-12-27 14:57:55 UTC,509,20.9,63.5
2018-12-27 14:58:14 UTC,510,20.9,63.3
2018-12-27 14:58:33 UTC,511,20.8,63.1
2018-12-27 14:58:52 UTC,512,20.8,63.1
2018-12-27 14:59:11 UTC,513,20.8,63.0
2018-12-27 14:59:30 UTC,514,20.8,63.3
2018-12-27 14:59:49 UTC,515,20.8,63.1
2018-12-27 15:00:09 UTC,516,20.7,63.0
2018-12-27 15:00:28 UTC,517,20.7,63.9
2018-12-27 15:00:47 UTC,518,20.7,63.5
2018-12-27 15:01:06 UTC,519,20.7,63.6
2018-12-27 15:01:25 UTC,520,20.7,63.4
2018-12-27 15:01:44 UTC,521,20.7,63.4
2018-12-27 15:02:03 UTC,522,20.6,63.4
2018-12-27 15:02:22 UTC,523,20.6,63.8
2018-12-27 15:02:43 UTC,524,20.6,63.9
2018-12-27 15:03:00 UTC,525,20.6,63.9
2018-12-27 15:03:19 UTC,526,20.6,63.6
2018-12-27 15:03:39 UTC,527,20.6,63.2
2018-12-27 15:03:58 UTC,528,20.6,63.2
2018-12-27 15:04:16 UTC,529,20.6,63.5
2018-12-27 15:04:36 UTC,530,20.5,63.6
2018-12-27 15:04:55 UTC,531,20.5,64.2
2018-12-27 15:05:14 UTC,532,20.5,63.9
2018-12-27 15:05:34 UTC,533,20.5,64.2
2018-12-27 15:05:53 UTC,534,20.5,63.8
2018-12-27 15:06:12 UTC,535,20.5,63.9
2018-12-27 15:06:31 UTC,536,20.5,63.7
2018-12-27 15:06:50 UTC,537,20.5,64.7
2018-12-27 15:07:10 UTC,538,20.5,63.9
2018-12-27 15:07:29 UTC,539,20.4,63.8
2018-12-27 15:07:50 UTC,540,20.5,64.4
2018-12-27 15:08:07 UTC,541,20.5,63.8
2018-12-27 15:08:26 UTC,542,20.5,64.0
2018-12-27 15:08:45 UTC,543,20.5,64.2
2018-12-27 15:09:04 UTC,544,20.5,65.5
2018-12-27 15:09:24 UTC,545,20.5,64.1
2018-12-27 15:09:43 UTC,546,20.5,63.7
2018-12-27 15:10:02 UTC,547,20.5,63.9
2018-12-27 15:10:21 UTC,548,20.5,63.7
2018-12-27 15:10:40 UTC,549,20.5,64.4
2018-12-27 15:10:59 UTC,550,20.5,64.1
2018-12-27 15:11:19 UTC,551,20.5,63.9
2018-12-27 15:11:38 UTC,552,20.5,63.6
2018-12-27 15:11:57 UTC,553,20.5,63.8
2018-12-27 15:12:16 UTC,554,20.5,63.7
2018-12-27 15:12:35 UTC,555,20.5,63.7
2018-12-27 15:12:54 UTC,556,20.5,64.0
2018-12-27 15:13:13 UTC,557,20.4,63.6
2018-12-27 15:13:31 UTC,558,20.4,63.8
2018-12-27 15:13:50 UTC,559,20.4,63.8
2018-12-27 15:14:09 UTC,560,20.4,63.7
2018-12-27 15:14:28 UTC,561,20.4,63.8
2018-12-27 15:14:47 UTC,562,20.4,63.8
2018-12-27 15:15:06 UTC,563,20.4,64.4
2018-12-27 15:15:25 UTC,564,20.4,63.9
2018-12-27 15:15:44 UTC,565,20.4,64.1
2018-12-27 15:16:03 UTC,566,20.4,64.2
2018-12-27 15:16:22 UTC,567,20.5,66.0
2018-12-27 15:16:41 UTC,568,20.5,65.0
2018-12-27 15:17:00 UTC,569,20.5,64.3
2018-12-27 15:17:19 UTC,570,20.5,64.1
2018-12-27 15:17:38 UTC,571,20.4,64.1
2018-12-27 15:17:57 UTC,572,20.4,63.9
2018-12-27 15:18:16 UTC,573,20.4,63.8
2018-12-27 15:18:36 UTC,574,20.4,63.8
2018-12-27 15:18:55 UTC,575,20.4,63.7
2018-12-27 15:19:14 UTC,576,20.4,63.6
2018-12-27 15:19:33 UTC,577,20.4,63.9
2018-12-27 15:19:51 UTC,578,20.4,64.2
2018-12-27 15:20:10 UTC,579,20.4,63.9
2018-12-27 15:20:30 UTC,580,20.4,64.0
2018-12-27 15:20:49 UTC,581,20.4,64.4
2018-12-27 15:21:09 UTC,582,20.3,63.8
2018-12-27 15:21:28 UTC,583,20.3,64.0
2018-12-27 15:21:47 UTC,584,20.3,63.8
2018-12-27 15:22:06 UTC,585,20.3,63.8
2018-12-27 15:22:25 UTC,586,20.3,63.7
2018-12-27 15:22:45 UTC,587,20.3,64.0
2018-12-27 15:23:04 UTC,588,20.3,64.0
2018-12-27 15:23:23 UTC,589,20.3,64.2
2018-12-27 15:23:42 UTC,590,20.3,64.0
2018-12-27 15:24:01 UTC,591,20.3,64.0
2018-12-27 15:24:19 UTC,592,20.3,63.7
2018-12-27 15:24:38 UTC,593,20.3,64.6
2018-12-27 15:24:57 UTC,594,20.3,66.0
2018-12-27 15:25:16 UTC,595,20.4,64.8
2018-12-27 15:25:35 UTC,596,20.3,64.2
2018-12-27 15:25:54 UTC,597,20.3,63.8
2018-12-27 15:26:13 UTC,598,20.3,64.4
2018-12-27 15:26:32 UTC,599,20.3,63.9
2018-12-27 15:26:51 UTC,600,20.4,64.3
2018-12-27 15:27:10 UTC,601,20.4,64.4
2018-12-27 15:27:29 UTC,602,20.4,64.0
2018-12-27 15:27:49 UTC,603,20.3,63.9
2018-12-27 15:28:07 UTC,604,20.3,64.2
2018-12-27 15:28:28 UTC,605,20.4,64.5
2018-12-27 15:28:46 UTC,606,20.4,64.0
2018-12-27 15:29:05 UTC,607,20.4,64.0
2018-12-27 15:29:25 UTC,608,20.4,63.7
2018-12-27 15:29:44 UTC,609,20.4,63.9
2018-12-27 15:30:03 UTC,610,20.4,63.5
2018-12-27 15:30:21 UTC,611,20.4,63.6
2018-12-27 15:30:41 UTC,612,20.4,64.1
2018-12-27 15:31:00 UTC,613,20.4,63.7
2018-12-27 15:31:19 UTC,614,20.4,63.7
2018-12-27 15:31:38 UTC,615,20.4,63.7
2018-12-27 15:31:57 UTC,616,20.4,63.8
2018-12-27 15:32:16 UTC,617,20.3,64.4
2018-12-27 15:32:35 UTC,618,20.3,63.7
2018-12-27 15:32:55 UTC,619,20.3,63.8
2018-12-27 15:33:14 UTC,620,20.3,63.9
2018-12-27 15:33:33 UTC,621,20.3,63.6
2018-12-27 15:33:52 UTC,622,20.3,64.2
2018-12-27 15:34:12 UTC,623,20.2,63.7
2018-12-27 15:34:30 UTC,624,20.2,63.8
2018-12-27 15:35:08 UTC,625,20.2,63.8
2018-12-27 15:35:27 UTC,626,20.2,64.1
2018-12-27 15:35:46 UTC,627,20.2,64.4
2018-12-27 15:36:05 UTC,628,20.2,63.9
2018-12-27 15:36:24 UTC,629,20.2,63.9
2018-12-27 15:36:43 UTC,630,20.2,63.8
2018-12-27 15:37:02 UTC,631,20.2,64.0
2018-12-27 15:37:21 UTC,632,20.2,64.7
2018-12-27 15:37:40 UTC,633,20.2,64.0
2018-12-27 15:38:00 UTC,634,20.3,64.0
2018-12-27 15:38:19 UTC,635,20.1,64.0
2018-12-27 15:38:38 UTC,636,20.2,63.8
2018-12-27 15:38:57 UTC,637,20.2,64.5
2018-12-27 15:39:16 UTC,638,20.2,63.8
2018-12-27 15:39:35 UTC,639,20.2,63.9
2018-12-27 15:39:54 UTC,640,20.3,64.0
2018-12-27 15:40:13 UTC,641,20.3,64.0
2018-12-27 15:40:32 UTC,642,20.2,64.2
2018-12-27 15:40:51 UTC,643,20.3,64.5
2018-12-27 15:41:11 UTC,644,20.3,63.9
2018-12-27 15:41:30 UTC,645,20.2,63.9
2018-12-27 15:41:49 UTC,646,20.3,64.0
2018-12-27 15:42:08 UTC,647,20.3,64.2
2018-12-27 15:42:26 UTC,648,20.3,64.4
2018-12-27 15:42:46 UTC,649,20.3,64.1
2018-12-27 15:43:05 UTC,650,20.3,63.8
2018-12-27 15:43:24 UTC,651,20.4,65.2
2018-12-27 15:43:43 UTC,652,20.3,64.7
2018-12-27 15:44:02 UTC,653,20.4,64.0
2018-12-27 15:44:21 UTC,654,20.4,63.4
2018-12-27 15:44:40 UTC,655,20.3,63.4
2018-12-27 15:44:59 UTC,656,20.3,63.3
2018-12-27 15:45:18 UTC,657,20.4,70.5
2018-12-27 15:45:37 UTC,658,20.5,75.9
2018-12-27 15:45:56 UTC,659,20.6,78.3
2018-12-27 15:46:15 UTC,660,20.7,79.4
2018-12-27 15:46:33 UTC,661,20.8,79.7
2018-12-27 15:46:53 UTC,662,20.8,79.4
2018-12-27 15:47:11 UTC,663,21.0,79.8
2018-12-27 15:47:30 UTC,664,21.0,79.9
2018-12-27 15:47:50 UTC,665,21.1,79.9
2018-12-27 15:48:09 UTC,666,21.2,80.0
2018-12-27 15:48:28 UTC,667,21.3,80.2
2018-12-27 15:48:47 UTC,668,21.3,79.9
2018-12-27 15:49:06 UTC,669,21.4,79.4
2018-12-27 15:49:25 UTC,670,21.5,79.6
2018-12-27 15:49:44 UTC,671,21.6,79.5
2018-12-27 15:50:03 UTC,672,21.6,79.2
2018-12-27 15:50:22 UTC,673,21.7,78.5
2018-12-27 15:50:41 UTC,674,21.8,78.4
2018-12-27 15:51:00 UTC,675,21.8,78.6
2018-12-27 15:51:19 UTC,676,21.8,78.4
2018-12-27 15:51:38 UTC,677,21.9,78.4
2018-12-27 15:51:57 UTC,678,21.9,78.2
2018-12-27 15:52:16 UTC,679,22.0,78.2
2018-12-27 15:52:36 UTC,680,22.0,78.0
2018-12-27 15:52:55 UTC,681,22.0,78.0
2018-12-27 15:53:14 UTC,682,22.1,77.9
2018-12-27 15:53:33 UTC,683,22.1,77.6
2018-12-27 15:53:52 UTC,684,22.1,77.7
2018-12-27 15:54:11 UTC,685,22.2,77.7
2018-12-27 15:54:30 UTC,686,22.2,77.6
2018-12-27 15:54:49 UTC,687,22.3,77.9
2018-12-27 15:55:08 UTC,688,22.3,77.6
2018-12-27 15:55:27 UTC,689,22.3,77.4
2018-12-27 15:55:46 UTC,690,22.3,77.2
2018-12-27 15:56:05 UTC,691,22.4,77.4
2018-12-27 15:56:25 UTC,692,22.4,77.3
2018-12-27 15:56:44 UTC,693,22.4,77.2
2018-12-27 15:57:03 UTC,694,22.4,77.3
2018-12-27 15:57:22 UTC,695,22.4,77.6
2018-12-27 15:57:41 UTC,696,22.4,77.5
2018-12-27 15:58:00 UTC,697,22.5,77.4
2018-12-27 15:58:19 UTC,698,22.5,77.5
2018-12-27 15:58:38 UTC,699,22.5,77.4
2018-12-27 15:58:57 UTC,700,22.5,77.3
2018-12-27 15:59:16 UTC,701,22.5,77.1
2018-12-27 15:59:35 UTC,702,22.5,77.2
2018-12-27 15:59:54 UTC,703,22.5,77.4
2018-12-27 16:00:13 UTC,704,22.6,77.4
2018-12-27 16:00:32 UTC,705,22.6,77.6
2018-12-27 16:00:51 UTC,706,22.6,77.4
2018-12-27 16:01:11 UTC,707,22.6,77.3
2018-12-27 16:01:30 UTC,708,22.6,77.5
2018-12-27 16:01:50 UTC,709,22.6,77.9
2018-12-27 16:02:08 UTC,710,22.6,77.8
2018-12-27 16:02:27 UTC,711,22.7,77.9
2018-12-27 16:02:47 UTC,712,22.7,77.7
2018-12-27 16:03:06 UTC,713,22.7,77.8
2018-12-27 16:03:25 UTC,714,22.7,77.9
2018-12-27 16:03:44 UTC,715,22.7,78.0
2018-12-27 16:04:03 UTC,716,22.7,77.8
2018-12-27 16:04:22 UTC,717,22.7,77.7
2018-12-27 16:04:41 UTC,718,22.7,77.7
2018-12-27 16:05:00 UTC,719,22.7,77.7
2018-12-27 16:05:19 UTC,720,22.7,77.6
2018-12-27 16:05:39 UTC,721,22.7,77.6
2018-12-27 16:05:57 UTC,722,22.7,77.6
2018-12-27 16:06:17 UTC,723,22.7,77.6
2018-12-27 16:06:36 UTC,724,22.7,77.7
2018-12-27 16:06:55 UTC,725,22.7,77.7
2018-12-27 16:07:14 UTC,726,22.8,77.8
2018-12-27 16:07:33 UTC,727,22.8,77.8
2018-12-27 16:07:52 UTC,728,22.8,77.8
2018-12-27 16:08:11 UTC,729,22.8,77.9
2018-12-27 16:08:30 UTC,730,22.8,78.1
2018-12-27 16:08:49 UTC,731,22.8,78.3
2018-12-27 16:09:08 UTC,732,22.8,78.1
2018-12-27 16:09:27 UTC,733,22.8,78.0
2018-12-27 16:09:46 UTC,734,22.8,78.0
2018-12-27 16:10:06 UTC,735,22.8,78.0
2018-12-27 16:10:25 UTC,736,22.8,77.8
2018-12-27 16:10:44 UTC,737,22.8,78.0
2018-12-27 16:11:03 UTC,738,22.8,78.0
2018-12-27 16:11:22 UTC,739,22.8,78.1
2018-12-27 16:11:41 UTC,740,22.8,78.1
2018-12-27 16:12:00 UTC,741,22.8,78.3
2018-12-27 16:12:19 UTC,742,22.8,78.5
2018-12-27 16:12:38 UTC,743,22.8,78.5
2018-12-27 16:12:57 UTC,744,22.9,78.6
2018-12-27 16:13:16 UTC,745,22.8,78.6
2018-12-27 16:13:36 UTC,746,22.9,78.4
2018-12-27 16:13:55 UTC,747,22.9,78.5
2018-12-27 16:14:14 UTC,748,22.9,78.6
2018-12-27 16:14:33 UTC,749,22.9,78.7
2018-12-27 16:14:53 UTC,750,22.9,78.6
2018-12-27 16:15:13 UTC,751,22.9,78.4
2018-12-27 16:15:31 UTC,752,22.9,78.3
2018-12-27 16:15:50 UTC,753,22.9,78.5
2018-12-27 16:16:09 UTC,754,22.9,78.6
2018-12-27 16:16:29 UTC,755,22.9,78.5
2018-12-27 16:16:47 UTC,756,22.9,78.7
2018-12-27 16:17:07 UTC,757,22.9,78.9
2018-12-27 16:17:26 UTC,758,22.9,79.0
2018-12-27 16:17:45 UTC,759,22.9,79.2
2018-12-27 16:18:04 UTC,760,22.9,79.2
2018-12-27 16:18:23 UTC,761,22.9,79.2
2018-12-27 16:18:42 UTC,762,22.9,79.1
2018-12-27 16:19:01 UTC,763,22.9,79.0
2018-12-27 16:19:20 UTC,764,22.9,79.1
2018-12-27 16:19:39 UTC,765,22.9,78.8
2018-12-27 16:19:58 UTC,766,22.9,79.0
2018-12-27 16:20:17 UTC,767,22.9,78.8
2018-12-27 16:20:36 UTC,768,22.9,78.8
2018-12-27 16:20:55 UTC,769,22.9,78.9
2018-12-27 16:21:14 UTC,770,22.9,79.0
2018-12-27 16:21:34 UTC,771,22.9,78.9
2018-12-27 16:21:53 UTC,772,22.9,79.1
2018-12-27 16:22:11 UTC,773,22.9,79.2
2018-12-27 16:22:30 UTC,774,22.9,79.4
2018-12-27 16:22:49 UTC,775,23.0,79.4
2018-12-27 16:23:08 UTC,776,23.0,79.3
2018-12-27 16:23:27 UTC,777,22.9,79.2
2018-12-27 16:23:47 UTC,778,23.0,79.1
2018-12-27 16:24:06 UTC,779,23.0,79.1
2018-12-27 16:24:25 UTC,780,23.0,79.2
2018-12-27 16:24:44 UTC,781,23.0,79.2
2018-12-27 16:25:03 UTC,782,23.0,79.3
2018-12-27 16:25:22 UTC,783,23.0,79.3
2018-12-27 16:25:42 UTC,784,23.0,79.4
2018-12-27 16:26:01 UTC,785,23.0,79.7
2018-12-27 16:26:20 UTC,786,23.0,79.8
2018-12-27 16:26:39 UTC,787,23.0,79.5
2018-12-27 16:26:58 UTC,788,23.0,79.5
2018-12-27 16:27:17 UTC,789,23.0,79.8
2018-12-27 16:27:36 UTC,790,23.0,79.8
2018-12-27 16:27:55 UTC,791,23.0,80.0
2018-12-27 16:28:14 UTC,792,23.0,79.8
2018-12-27 16:28:33 UTC,793,23.0,79.7
2018-12-27 16:28:52 UTC,794,23.0,79.4
2018-12-27 16:29:11 UTC,795,23.0,79.5
2018-12-27 16:29:30 UTC,796,23.0,79.3
2018-12-27 16:29:49 UTC,797,23.0,79.5
2018-12-27 16:30:08 UTC,798,23.0,79.5
2018-12-27 16:30:28 UTC,799,23.0,79.5
2018-12-27 16:30:47 UTC,800,23.0,79.5
2018-12-27 16:31:06 UTC,801,23.0,79.7
2018-12-27 16:31:25 UTC,802,23.0,79.7
2018-12-27 16:31:44 UTC,803,23.0,79.5
2018-12-27 16:32:03 UTC,804,23.0,79.7
2018-12-27 16:32:22 UTC,805,23.0,79.7
2018-12-27 16:32:42 UTC,806,23.0,79.5
2018-12-27 16:33:01 UTC,807,23.0,79.8
2018-12-27 16:33:20 UTC,808,23.0,79.8
2018-12-27 16:33:39 UTC,809,23.0,79.7
2018-12-27 16:33:58 UTC,810,23.0,79.7
2018-12-27 16:34:17 UTC,811,23.0,79.7
2018-12-27 16:34:37 UTC,812,23.0,79.8
2018-12-27 16:34:56 UTC,813,23.0,79.6
2018-12-27 16:35:15 UTC,814,23.0,79.7
2018-12-27 16:35:34 UTC,815,23.0,79.8
2018-12-27 16:35:53 UTC,816,23.0,79.7
2018-12-27 16:36:12 UTC,817,23.0,79.7
2018-12-27 16:36:31 UTC,818,23.0,80.0
2018-12-27 16:36:49 UTC,819,23.0,80.2
2018-12-27 16:37:08 UTC,820,23.0,80.2
2018-12-27 16:37:27 UTC,821,23.0,80.0
2018-12-27 16:37:47 UTC,822,23.0,80.1
2018-12-27 16:38:06 UTC,823,23.0,79.8
2018-12-27 16:38:25 UTC,824,23.0,79.7
2018-12-27 16:38:45 UTC,825,23.0,80.0
2018-12-27 16:39:04 UTC,826,23.0,80.1
2018-12-27 16:39:23 UTC,827,23.0,80.1
2018-12-27 16:39:42 UTC,828,23.0,80.4
2018-12-27 16:40:01 UTC,829,23.0,80.0
2018-12-27 16:40:20 UTC,830,23.0,79.9
2018-12-27 16:40:39 UTC,831,23.0,80.0
2018-12-27 16:40:59 UTC,832,23.0,80.2
2018-12-27 16:41:18 UTC,833,23.0,80.1
2018-12-27 16:41:37 UTC,834,23.0,80.5
2018-12-27 16:41:57 UTC,835,23.1,80.7
2018-12-27 16:42:16 UTC,836,23.1,80.7
2018-12-27 16:42:35 UTC,837,23.1,80.7
2018-12-27 16:42:55 UTC,838,23.1,80.6
2018-12-27 16:43:14 UTC,839,23.1,80.2
2018-12-27 16:43:33 UTC,840,23.1,80.2
2018-12-27 16:43:52 UTC,841,23.1,80.2
2018-12-27 16:44:11 UTC,842,23.1,80.5
2018-12-27 16:44:30 UTC,843,23.1,80.4
2018-12-27 16:44:49 UTC,844,23.1,80.4
2018-12-27 16:45:09 UTC,845,23.1,80.4
2018-12-27 16:45:28 UTC,846,23.1,80.6
2018-12-27 16:45:47 UTC,847,23.1,80.5
2018-12-27 16:46:06 UTC,848,23.1,80.5
2018-12-27 16:46:25 UTC,849,23.1,80.5
2018-12-27 16:46:45 UTC,850,23.1,80.7
2018-12-27 16:47:03 UTC,851,23.1,80.7
2018-12-27 16:47:22 UTC,852,23.1,80.7
2018-12-27 16:47:42 UTC,853,23.1,80.7
2018-12-27 16:48:01 UTC,854,23.1,80.6
2018-12-27 16:48:20 UTC,855,23.1,80.7
2018-12-27 16:48:39 UTC,856,23.1,80.9
2018-12-27 16:48:58 UTC,857,23.1,80.7
2018-12-27 16:49:18 UTC,858,23.1,80.7
2018-12-27 16:49:37 UTC,859,23.1,80.7
2018-12-27 16:49:56 UTC,860,23.1,80.3
2018-12-27 16:50:15 UTC,861,23.1,80.4
2018-12-27 16:50:34 UTC,862,23.1,80.6
2018-12-27 16:50:53 UTC,863,23.1,80.9
2018-12-27 16:51:12 UTC,864,23.1,80.9
2018-12-27 16:51:32 UTC,865,23.1,80.9
2018-12-27 16:51:51 UTC,866,23.1,80.9
2018-12-27 16:52:10 UTC,867,23.1,81.0
2018-12-27 16:52:29 UTC,868,23.1,80.9
2018-12-27 16:52:48 UTC,869,23.1,80.9
2018-12-27 16:53:07 UTC,870,23.1,80.6
2018-12-27 16:53:27 UTC,871,23.1,80.5
2018-12-27 16:53:46 UTC,872,23.1,80.5
2018-12-27 16:54:05 UTC,873,23.1,80.6
2018-12-27 16:54:25 UTC,874,23.1,80.6
2018-12-27 16:54:44 UTC,875,23.1,80.5
2018-12-27 16:55:03 UTC,876,23.1,80.7
2018-12-27 16:55:22 UTC,877,23.1,80.9
2018-12-27 16:55:41 UTC,878,23.1,81.1
2018-12-27 16:56:00 UTC,879,23.1,80.9
2018-12-27 16:56:18 UTC,880,23.1,80.6
2018-12-27 16:56:38 UTC,881,23.1,80.6
2018-12-27 16:56:57 UTC,882,23.1,80.8
2018-12-27 16:57:16 UTC,883,23.1,81.0
2018-12-27 16:57:35 UTC,884,23.1,81.0
2018-12-27 16:57:54 UTC,885,23.1,81.0
2018-12-27 16:58:13 UTC,886,23.1,81.0
2018-12-27 16:58:32 UTC,887,23.1,81.0
2018-12-27 16:58:51 UTC,888,23.1,81.0
2018-12-27 16:59:10 UTC,889,23.1,81.0
2018-12-27 16:59:30 UTC,890,23.1,81.1
2018-12-27 16:59:49 UTC,891,23.1,81.2
2018-12-27 17:00:08 UTC,892,23.2,81.1
2018-12-27 17:00:27 UTC,893,23.2,81.1
2018-12-27 17:00:46 UTC,894,23.2,81.0
2018-12-27 17:01:06 UTC,895,23.1,80.9
2018-12-27 17:01:25 UTC,896,23.1,80.8
2018-12-27 17:01:44 UTC,897,23.2,81.1
2018-12-27 17:02:03 UTC,898,23.2,81.3
2018-12-27 17:02:22 UTC,899,23.2,81.3
2018-12-27 17:02:42 UTC,900,23.2,81.3
2018-12-27 17:03:01 UTC,901,23.2,81.1
2018-12-27 17:03:20 UTC,902,23.2,81.1
2018-12-27 17:03:39 UTC,903,23.2,81.2
2018-12-27 17:03:58 UTC,904,23.2,81.2
2018-12-27 17:04:17 UTC,905,23.2,81.2
2018-12-27 17:04:36 UTC,906,23.2,81.3
2018-12-27 17:04:55 UTC,907,23.2,81.3
2018-12-27 17:05:15 UTC,908,23.2,81.1
2018-12-27 17:05:35 UTC,909,23.2,81.3
2018-12-27 17:05:53 UTC,910,23.2,81.3
2018-12-27 17:06:13 UTC,911,23.2,81.4
2018-12-27 17:06:32 UTC,912,23.2,81.5
2018-12-27 17:06:51 UTC,913,23.2,81.3
2018-12-27 17:07:10 UTC,914,23.2,81.3
2018-12-27 17:07:30 UTC,915,23.2,80.9
2018-12-27 17:07:49 UTC,916,23.2,81.2
2018-12-27 17:08:07 UTC,917,23.2,81.3
2018-12-27 17:08:27 UTC,918,23.2,81.4
2018-12-27 17:08:46 UTC,919,23.2,81.3
2018-12-27 17:09:06 UTC,920,23.2,81.2
2018-12-27 17:09:25 UTC,921,23.2,81.2
2018-12-27 17:09:44 UTC,922,23.2,81.4
2018-12-27 17:10:03 UTC,923,23.2,81.4
2018-12-27 17:10:23 UTC,924,23.2,81.3
2018-12-27 17:10:42 UTC,925,23.2,81.3
2018-12-27 17:11:01 UTC,926,23.2,81.5
2018-12-27 17:11:20 UTC,927,23.2,81.5
2018-12-27 17:11:39 UTC,928,23.2,81.1
2018-12-27 17:11:58 UTC,929,23.2,81.1
2018-12-27 17:12:17 UTC,930,23.2,81.5
2018-12-27 17:12:36 UTC,931,23.2,81.5
2018-12-27 17:12:56 UTC,932,23.2,81.4
2018-12-27 17:13:14 UTC,933,23.2,81.3
2018-12-27 17:13:33 UTC,934,23.2,81.3
2018-12-27 17:13:52 UTC,935,23.2,81.3
2018-12-27 17:14:11 UTC,936,23.3,81.5
2018-12-27 17:14:30 UTC,937,23.2,81.3
2018-12-27 17:14:51 UTC,938,23.3,81.5
2018-12-27 17:15:09 UTC,939,23.3,81.4
2018-12-27 17:15:28 UTC,940,23.3,81.4
2018-12-27 17:15:48 UTC,941,23.3,81.4
2018-12-27 17:16:07 UTC,942,23.2,81.3
2018-12-27 17:16:26 UTC,943,23.2,81.1
2018-12-27 17:16:45 UTC,944,23.3,81.3
2018-12-27 17:17:05 UTC,945,23.2,81.1
2018-12-27 17:17:24 UTC,946,23.2,81.0
2018-12-27 17:17:43 UTC,947,23.2,81.1
2018-12-27 17:18:02 UTC,948,23.2,81.2
2018-12-27 17:18:21 UTC,949,23.2,81.2
2018-12-27 17:18:40 UTC,950,23.2,81.2
2018-12-27 17:19:00 UTC,951,23.2,81.3
2018-12-27 17:19:19 UTC,952,23.2,81.3
2018-12-27 17:19:38 UTC,953,23.2,81.3
2018-12-27 17:19:57 UTC,954,23.3,81.5
2018-12-27 17:20:16 UTC,955,23.3,81.4
2018-12-27 17:20:36 UTC,956,23.3,81.2
2018-12-27 17:20:55 UTC,957,23.3,81.3
2018-12-27 17:21:14 UTC,958,23.3,81.2
2018-12-27 17:21:33 UTC,959,23.3,81.2
2018-12-27 17:21:53 UTC,960,23.2,81.1
2018-12-27 17:22:12 UTC,961,23.2,81.0
2018-12-27 17:22:31 UTC,962,23.2,81.1
2018-12-27 17:22:51 UTC,963,23.2,80.9
2018-12-27 17:23:10 UTC,964,23.2,80.9
2018-12-27 17:23:29 UTC,965,23.3,81.3
2018-12-27 17:23:48 UTC,966,23.3,81.3
2018-12-27 17:24:07 UTC,967,23.3,81.0
2018-12-27 17:24:27 UTC,968,23.2,81.2
2018-12-27 17:24:46 UTC,969,23.3,81.5
2018-12-27 17:25:05 UTC,970,23.3,81.3
2018-12-27 17:25:24 UTC,971,23.3,81.2
2018-12-27 17:25:43 UTC,972,23.3,81.2
2018-12-27 17:26:02 UTC,973,23.3,80.9
2018-12-27 17:26:22 UTC,974,23.3,81.1
2018-12-27 17:26:41 UTC,975,23.3,80.9
2018-12-27 17:27:00 UTC,976,23.3,80.9
2018-12-27 17:27:20 UTC,977,23.3,80.9
2018-12-27 17:27:39 UTC,978,23.3,81.0
2018-12-27 17:27:58 UTC,979,23.3,81.0
2018-12-27 17:28:17 UTC,980,23.3,81.0
2018-12-27 17:28:36 UTC,981,23.2,80.9
2018-12-27 17:28:56 UTC,982,23.3,81.1
2018-12-27 17:29:15 UTC,983,23.3,81.2
2018-12-27 17:29:34 UTC,984,23.3,81.2
2018-12-27 17:29:53 UTC,985,23.3,81.2
2018-12-27 17:30:12 UTC,986,23.3,81.1
2018-12-27 17:30:31 UTC,987,23.3,81.2
2018-12-27 17:30:50 UTC,988,23.3,81.0
2018-12-27 17:31:09 UTC,989,23.3,81.0
2018-12-27 17:31:28 UTC,990,23.3,81.1
2018-12-27 17:31:47 UTC,991,23.3,80.8
2018-12-27 17:32:06 UTC,992,23.4,80.8
2018-12-27 17:32:26 UTC,993,23.4,80.7
2018-12-27 17:32:45 UTC,994,23.4,80.8
2018-12-27 17:33:04 UTC,995,23.4,80.9
